{"cameraMode":{"drawMode":0,"name":"Shaded","section":"Shading Mode"},"sceneLighting":true,"audioPlay":false,"sceneViewState":{"showFog":true,"showMaterialUpdate":false,"showSkybox":true,"showFlares":true,"showImageEffects":true,"showParticleSystems":true},"in2DMode":false,"pivot":{"x":15.6677885055542,"y":0.30220741033554079,"z":0.6469618678092957},"rotation":{"x":0.09457720071077347,"y":-0.16791637241840363,"z":0.016204100102186204,"w":0.9811634421348572},"size":21.986438751220704,"orthographic":false}